,标题:,总价,单价,户型,建筑面积,朝向,层,装饰,小区,区域,房源亮点,网址
0,正大华庭园林绿化工程,53, 4206元/平米 ,3室2厅1卫,126平米,南,中层,毛坯,正大华庭,铜川周边/铜川周边/,小区自带幼儿园已开始适用，小区设有活水景观湖，凉庭，小桥,https://tongchuan.esf.fang.com/chushou/3_153658365.htm
1,新区正阳路主干道房源,55, 3929元/平米 ,3室2厅1卫,140平米,南北,低层,毛坯,正大华庭,新区/新区/,正大华庭苏州园林小区设计，小区设假山喷泉，活水湖，绿化百分之六十，车位1：1，自带双语幼儿园，上下层次的绿化设计。,https://tongchuan.esf.fang.com/chushou/3_154052145.htm
2,新区园林小区正大华庭,50.5, 4011元/平米 ,3室2厅1卫,125.91平米,南,中层,毛坯,正大华庭,新区/新区/,正大华庭五证齐全，支持公积金，商贷，户型方正,https://tongchuan.esf.fang.com/chushou/3_153978981.htm
3,新区五证齐全，看的见的园林设计,50.5, 4011元/平米 ,3室2厅1卫,125.91平米,南,中层,毛坯,正大华庭,新区/新区/,看的见的户型设计，看的见的采光，看的见的绿化环境，考虑买房的来实地参观,https://tongchuan.esf.fang.com/chushou/3_153972400.htm
4,新区正大华庭，园林绿化小区,56, 3995元/平米 ,3室2厅2卫,140.17平米,南北,中层,毛坯,正大华庭,铜川周边/铜川周边/,正大华庭五证齐全现房，准现房，，交通便利，环境优美，小区自带双语幼儿园，高尔夫球场，活水景观湖，是你不管是还是居住的理想选择,https://tongchuan.esf.fang.com/chushou/3_154024349.htm
5,正大华庭五证齐全现房出炉,43, 4175元/平米 ,3室1厅1卫,103平米,南北,低层,毛坯,正大华庭,新区/新区/,既是公园，又是家，公园里的家，配套其全，交通方便,https://tongchuan.esf.fang.com/chushou/3_153501369.htm
6,一手房正大华庭园林小区,59, 3953元/平米 ,4室2厅2卫,149.27平米,南北,低层,毛坯,正大华庭,新区/新区/,五证齐全现房，园林绿化小区，配套其全，交通方便，既买既住，支持公积金，商贷,https://tongchuan.esf.fang.com/chushou/3_153493588.htm
7,新区正大华庭准现房支持公积金，商贷,57, 4014元/平米 ,3室2厅2卫,142平米,南北,中层,暂无,正大华庭,新区/新区/,新区五证齐全支持公积金商贷，现清盘价，手慢无,https://tongchuan.esf.fang.com/chushou/3_154091940.htm
8,正大华庭，五证齐全现房，准现房,50, 3971元/平米 ,3室2厅1卫,125.91平米,南,低层,毛坯,正大华庭,新区/新区/,新区五证齐全，现房，准现房，价格优惠，面积美丽,https://tongchuan.esf.fang.com/chushou/3_154009030.htm
9,五证齐全现房，既买既住,50, 3571元/平米 ,3室2厅2卫,140平米,南北,低层,毛坯,翡翠华城,新区/新区/,新五五证其全，交通方便，欢迎来看,https://tongchuan.esf.fang.com/chushou/3_154006860.htm
10,一手房正大华庭五证齐全,55, 3990元/平米 ,3室2厅1卫,137.83平米,南北,中层,毛坯,正大华庭,新区/新区/,新区五证齐全现房，既买既住，适合各种人群,https://tongchuan.esf.fang.com/chushou/3_153500760.htm
11,五证齐全园林小区，欢迎来看房,56, 3995元/平米 ,3室2厅2卫,140.17平米,南北,中层,毛坯,正大华庭,新区/新区/,新区正大华庭园林小区，配套齐全，交通方便，环境优美,https://tongchuan.esf.fang.com/chushou/3_153924109.htm
12,三室两厅一卫，纯板楼结构,53, 3845元/平米 ,3室2厅1卫,137.83平米,南北,中层,毛坯,正大华庭,新区/新区/,园林景观小区，小区自带幼儿园，既买既住，价格美丽,https://tongchuan.esf.fang.com/chushou/3_153594904.htm
13,新区正大华庭五证齐全园林设计欢迎品鉴,60, 4286元/平米 ,3室2厅2卫,140平米,南北,中层,暂无,正大华庭,新区/新区/,新区正大华庭园林小区，交通方便，户型方正,https://tongchuan.esf.fang.com/chushou/3_153661878.htm
14,新区正大华庭现房，既买既住,43, 4175元/平米 ,3室2厅1卫,103平米,南北,高层,毛坯,正大华庭,新区/新区/,南北通透，户型方正，价位美丽，首付13万,https://tongchuan.esf.fang.com/chushou/3_153505308.htm
15,新区正大华庭五证其全,56, 3995元/平米 ,3室2厅2卫,140.17平米,南北,中层,暂无,正大华庭,新区/新区/,小区自带双语幼儿园已开始使用，百十多平米的活水湖，打造新区环境，服务的小区,https://tongchuan.esf.fang.com/chushou/3_153920616.htm
16,正大华庭成熟小区，清盘价,50, 4000元/平米 ,3室2厅1卫,125平米,南,低层,毛坯,正大华庭,铜川周边/铜川周边/,五证齐全，成熟小区，开发商采用了苏州园林设计，假山喷泉凉庭，美不胜收,https://tongchuan.esf.fang.com/chushou/3_154033574.htm
17,把家安在哪？还是选正大华庭,55, 3924元/平米 ,3室2厅2卫,140.17平米,南北,中层,毛坯,正大华庭,铜川周边/铜川周边/,正大华庭位于新区正阳路东段，连接老区，耀县，新区的一条主干道，据西延高铁1小公里路程，出行方便，同时小区采用的是苏州园林设计风格，设了假山，喷泉，活水湖，是业主主到这就像住在公园里，感受到大自然的气息。,https://tongchuan.esf.fang.com/chushou/3_154035765.htm
18,新区正大华庭五证齐全现房,58.5, 3980元/平米 ,4室2厅2卫,146.98平米,南北,低层,毛坯,正大华庭,新区/新区/,新区正大华庭五证齐全现房，既买既住，支持公积金商贷,https://tongchuan.esf.fang.com/chushou/3_153538606.htm
19,新区正大华庭2室2厅,37,3592元/平米,2室2厅,103.00平米,南北,中层,暂无,正大华庭,新区/新区/,铜川园林式景观绿化大社区，小区自带幼儿园，游泳馆，高尔夫练习场，羽毛球场，假山，流水，小桥。3000平米活水景观湖。五证齐全，支持按揭，公积金贷款。户型南北通透全明设计。,https://tongchuan.esf.fang.com/chushou/16_201315.htm
20,新区正大华庭3室2厅,50,3571元/平米,3室2厅,140.00平米,南北,高层,暂无,正大华庭,新区/新区/,铜川园林式景观绿化大社区，小区自带幼儿园，游泳馆，高尔夫练习场，羽毛球场，假山，流水，小桥。3000平米活水景观湖。五证齐全，支持按揭，公积金贷款。户型南北通透全明设计。,https://tongchuan.esf.fang.com/chushou/16_201314.htm
21,印台区铜川印台工行家属楼2室1厅,19,3167元/平米,2室1厅1卫,60.00平米,南北,中层,暂无,铜川印台工行家属楼,印台区/印台区/,该房濒临城关幼儿园、方泉、市五中，与市一中只有几步之遥，离新桥菜市场也近在咫尺。总之一句话就是方便实用。,https://tongchuan.esf.fang.com/chushou/16_201333.htm
22,新区正大华庭3室2厅,50,3571元/平米,3室2厅2卫,140.00平米,南北,中层,暂无,正大华庭,新区/新区/,无,https://tongchuan.esf.fang.com/chushou/16_201330.htm
23,王益区王家河小区2室2厅,18,2400元/平米,2室2厅1卫,75.00平米,南北,低层,暂无,王家河小区,王益区/王益区/,无,https://tongchuan.esf.fang.com/chushou/16_201334.htm
24,王益区道东社区2室1厅,15,1852元/平米,2室1厅1卫,81.00平米,南北,高层,暂无,道东社区,王益区/王益区/,南北通透，结构合理，地暖，壁挂炉已安装，卫生间，厨房已贴瓷，交通便利，环境凭雅，周围有，医院，超市。,https://tongchuan.esf.fang.com/chushou/16_201335.htm
25,王益区玉华小区2室2厅,18,1837元/平米,2室2厅1卫,98.00平米,南北,高层,暂无,玉华小区,王益区/王益区/,心河湾隔壁，地理位置好，交通便利，简单装修，，带全套家具设施，有暖气，物业费。,https://tongchuan.esf.fang.com/chushou/16_201336.htm
26,新区世纪花园3室2厅,36,2256元/平米,3室2厅2卫,159.60平米,南北,高层,暂无,世纪花园,新区/新区/,无,https://tongchuan.esf.fang.com/chushou/16_201337.htm
27,新区正大华庭2室2厅,35,3604元/平米,2室2厅1卫,97.12平米,东南,中层,暂无,正大华庭,新区/新区/,铜川园林绿化景观小区，五证齐全，支持按揭和公积金贷款，小区自带双语幼儿园，超市，游泳馆，豪华私人会所。地辐热独立供暖,https://tongchuan.esf.fang.com/chushou/16_201326.htm
28,王益区力元小区2室1厅,15,3000元/平米,2室1厅1卫,50.00平米,南,高层,暂无,力元小区,王益区/王益区/,无,https://tongchuan.esf.fang.com/chushou/16_201343.htm
29,新区公园壹号3室2厅,38,3585元/平米,3室2厅,106.00平米,南北,中层,暂无,公园壹号,新区/新区/,无,https://tongchuan.esf.fang.com/chushou/16_201332.htm
30,王益区原王益区政府家属院2室1厅,10,1613元/平米,2室1厅1卫,62.00平米,东,高层,暂无,原王益区政府家属院,王益区/王益区/,无,https://tongchuan.esf.fang.com/chushou/16_201344.htm
31,王益区王益区健康路国税局2室2厅,24,2920元/平米,2室2厅1卫,82.18平米,西,高层,暂无,王益区健康路国税局,王益区/王益区/,"小区特点：
1.中装修两室两厅一卫，客厅、主卧室宽大。房子在六楼，共七楼，多层无电梯。楼层前后无遮挡，全屋明亮通透，成熟小区。
2.小区位置：向北600米大同桥市场超市，七一路、市第三、高景影城；向南200米市人民医院，近临市人民公园。
3.周边配套完善，菜市场、大型超市、银行、医院、中、公园等。
4.国税局小区，住户整体素质较高。                             家电齐全，领包入住，可随时看房！价格可议，需支付。若您喜欢这套房子联系业主我本人：丁先生15191420103。",https://tongchuan.esf.fang.com/chushou/16_201346.htm
32,王益区二号信箱东风社区2室1厅,12,2143元/平米,2室1厅1卫,56.00平米,南北,中层,暂无,二号信箱东风社区,王益区/王益区/,无,https://tongchuan.esf.fang.com/chushou/16_201347.htm
33,新区公园一号3室2厅,37,3033元/平米,3室2厅,122.00平米,南北,中层,暂无,公园一号,新区/新区/,".住宅 一体，小区环境优越，绿化率60％,户型方正，新区性价比！房源有限，项目火爆销售中……",https://tongchuan.esf.fang.com/chushou/16_201348.htm
34,王益区亮典名都2室2厅,35,3804元/平米,2室2厅1卫,92.00平米,南北,中层,暂无,亮典名都,王益区/王益区/,该小区是王益区少有的高层，南北朝向，户型方正，采光好，可俯瞰铜川，视野好；房子崭新，当初做婚房，但没住过，是精装修，材料都是好材料；小区楼下店铺方便，过马路就是菜市场；交通便利；双气，市政供暖，五证齐全，本人因工作需要去外地，故而急售此房，价格可以协商，望与诚心购房者合作，非诚勿扰！,https://tongchuan.esf.fang.com/chushou/16_201349.htm
35,印台区三里洞悠然居小区2室1厅,35,3874元/平米,2室1厅1卫,90.35平米,暂无,低层,暂无,三里洞悠然居小区,印台区/印台区/,精装修，地暖，设施齐全，交通便利，成熟社区，,https://tongchuan.esf.fang.com/chushou/16_201342.htm
36,新区白桦，公园壹号3室1厅,31,2925元/平米,3室1厅2卫,106.00平米,南北,中层,暂无,白桦，公园壹号,新区/新区/,我们是新楼盘，我们有84O-92O-106O-122O，大小户型都有，有需要打电话。谢谢合作。,https://tongchuan.esf.fang.com/chushou/16_201351.htm
37,新区雅居芙蓉里3室2厅,28,2659元/平米,3室2厅1卫,105.31平米,南,低层,暂无,雅居芙蓉里,新区/新区/,项目名称《雅居芙蓉里》目前是现房一口价2700非中介！高层纯住宅小区！绿化率45％！闹中取静！是居住的好地方咱这房子70年全产权，可按揭贷款；修身养生之地；临滨河公园，畅吸富氧离子；入则宁静，出则繁华；配套齐全，交通便利；距高铁口500多米，12直达西安！过两个红绿灯就是市政府！过一个十字路口就是大型商场超市.小区门口就是公交站出行十分方便！,https://tongchuan.esf.fang.com/chushou/16_201352.htm
38,新区雅居芙蓉里3室2厅,35,2699元/平米,3室2厅2卫,129.68平米,南北,低层,暂无,雅居芙蓉里,新区/新区/,项目名称《雅居芙蓉里》目前是现房一口价2700非中介！高层纯住宅小区！绿化率45％！闹中取静！是居住的好地方咱这房子70年全产权，可按揭贷款；修身养生之地；临滨河公园，畅吸富氧离子；入则宁静，出则繁华；配套齐全，交通便利；距高铁口500多米，12直达西安！过两个红绿灯就是市政府！过一个十字路口就是大型商场超市.小区门口就是公交站出行十分方便！,https://tongchuan.esf.fang.com/chushou/16_201353.htm
39,新区龙凤佳城2室1厅,62,5630元/平米,2室1厅,110.12平米,南北,中层,暂无,龙凤佳城,新区/新区/,本房位于新区地段 周边配套成熟 交通生活方便 社区带幼儿园 南北通透中间楼层 新房因个人工作原因现急需出售 ,https://tongchuan.esf.fang.com/chushou/16_201275.htm
40,新区白桦，公园壹号3室2厅,42,3443元/平米,3室2厅2卫,122.00平米,南北,高层,暂无,白桦，公园壹号,新区/新区/,无,https://tongchuan.esf.fang.com/chushou/16_201358.htm
41,新区铜川新区领地未来城2室1厅,45,4639元/平米,2室1厅1卫,97.00平米,南,高层,暂无,铜川新区领地未来城,新区/新区/,"环境优雅，交通方便，居住的好地方

",https://tongchuan.esf.fang.com/chushou/16_201359.htm
42,新区锦绣园住宅小区3室1厅,70,7292元/平米,3室1厅1卫,96.00平米,南北,低层,暂无,锦绣园住宅小区,新区/新区/,无,https://tongchuan.esf.fang.com/chushou/16_201362.htm
43,耀州区雅居芙蓉里3室1厅,30,2857元/平米,3室1厅1卫,105.00平米,南,低层,暂无,雅居芙蓉里,耀州区/耀州区/,纯南户型大客厅,https://tongchuan.esf.fang.com/chushou/16_201366.htm
44,王益区心河湾2室2厅,43,4574元/平米,2室2厅1卫,94.00平米,东南,高层,暂无,心河湾,王益区/王益区/,精装自住房，交通便利，出行方便，周边配套设施齐全。,https://tongchuan.esf.fang.com/chushou/16_201345.htm
45,耀州区雅居芙蓉里3室2厅,35,2713元/平米,3室2厅2卫,129.00平米,南北,低层,暂无,雅居芙蓉里,耀州区/耀州区/,南北通透，全明户型三室的面积可以做四室交通便利出行方便门口3个公交线路,https://tongchuan.esf.fang.com/chushou/16_201367.htm
46,王益区百盛国贸住宅楼2室2厅,49,4261元/平米,2室2厅2卫,115.00平米,东南,中层,暂无,百盛国贸住宅楼,王益区/王益区/,"    户型：铜川市王益区繁华地带，是矿务局一中，周边有市二中，红旗街、局二中，还有几个幼儿园。    
     交通便利，周边商场、银行密集，电梯楼房，是居住或写字楼的理想选择。


",https://tongchuan.esf.fang.com/chushou/16_201368.htm
47,耀州区天际小区3室2厅,48,3504元/平米,3室2厅2卫,137.00平米,南北,中层,暂无,天际小区,耀州区/耀州区/,???С???????????????????????????????????????????????????????????????????????????????????????????????????????20??????С?????????????????????????????????35??￡?????????????绰,https://tongchuan.esf.fang.com/chushou/16_201361.htm
48,新区铜煤一号水仙居2室1厅,21,2745元/平米,2室1厅1卫,76.50平米,南北,高层,暂无,铜煤一号水仙居,新区/新区/,单位房优惠价购买的，现原价转让，非诚勿扰，18年6月刚交房，毛坯，现在购入大家都在装修，方便,https://tongchuan.esf.fang.com/chushou/16_201371.htm
49,新区新区市一中3室2厅,100,6410元/平米,3室2厅2卫,156.00平米,南北,中层,暂无,新区市一中,新区/新区/,无,https://tongchuan.esf.fang.com/chushou/16_201365.htm
50,耀州区城南壹号2室2厅,27,2784元/平米,2室2厅,97.00平米,南北,高层,暂无,城南壹号,耀州区/耀州区/,无,https://tongchuan.esf.fang.com/chushou/16_201372.htm
51,王益区飞龙小区2室2厅,21,2422元/平米,2室2厅1卫,86.70平米,南北,高层,暂无,飞龙小区,王益区/王益区/,无,https://tongchuan.esf.fang.com/chushou/16_201309.htm
52,王益区红旗桥欣苑小区2室2厅,33,2797元/平米,2室2厅1卫,118.00平米,东南,中层,暂无,红旗桥欣苑小区,王益区/王益区/,无,https://tongchuan.esf.fang.com/chushou/16_201373.htm
53,新区正大华庭3室2厅,63,4236元/平米,3室2厅,148.71平米,南北,高层,暂无,正大华庭,新区/新区/,"新区正阳路《正大华庭》中西结合园林级景观绿化大社区，五证齐全准现房，二室，三室户户南北通透，小区自带双语幼儿园，游泳馆，豪华私人会所，高尔夫练习场，假山，活水湖景，荷兰风车，可按揭，可公积金
项目地址：铜川新区正阳路东段",https://tongchuan.esf.fang.com/chushou/16_201374.htm
54,新区正大华庭2室2厅,40,4124元/平米,2室2厅1卫,97.00平米,南北,中层,暂无,正大华庭,新区/新区/,铜川园林式小区，湖景房，园林绿化，交通便利，有独立的双语幼儿园，相关配套设施齐全，五证齐全。可做，商贷，公积金贷。,https://tongchuan.esf.fang.com/chushou/16_201375.htm
55,印台区三里洞幸福佳苑2室1厅,20,2262元/平米,2室1厅1卫,88.40平米,南北,低层,暂无,三里洞幸福佳苑,印台区/印台区/,无,https://tongchuan.esf.fang.com/chushou/16_201376.htm
56,新区鑫苑雅居2室2厅,36,3000元/平米,2室2厅1卫,120.00平米,南北,高层,暂无,鑫苑雅居,新区/新区/,无,https://tongchuan.esf.fang.com/chushou/16_201378.htm
58,耀州区白桦公园一号2室1厅,35,3763元/平米,2室1厅1卫,93.00平米,南北,高层,暂无,白桦公园一号,耀州区/耀州区/,小区绿化达60以上，一比一停车位。市政供暖。,https://tongchuan.esf.fang.com/chushou/16_201384.htm
59,耀州区白桦公园一号3室2厅,45,3462元/平米,3室2厅2卫,130.00平米,南北,中层,暂无,白桦公园一号,耀州区/耀州区/,无,https://tongchuan.esf.fang.com/chushou/16_201385.htm
60,新区海林御园1室1厅,34,6038元/平米,1室1厅,56.31平米,西,低层,暂无,海林御园,新区/新区/,无,https://tongchuan.esf.fang.com/chushou/16_201382.htm
61,耀州区耀县华原小区2室2厅,45,4592元/平米,2室2厅,98.00平米,南北,低层,暂无,耀县华原小区,耀州区/耀州区/,精装修，家电齐全,https://tongchuan.esf.fang.com/chushou/16_201390.htm
62,王益区铜川王益区红旗街红旗小区2室1厅,15,2143元/平米,2室1厅1卫,70.00平米,南,高层,暂无,铜川王益区红旗街红旗小区,王益区/王益区/,无,https://tongchuan.esf.fang.com/chushou/16_201391.htm
63,耀州区白桦公园一号3室2厅,46,3622元/平米,3室2厅2卫,127.00平米,南北,中层,暂无,白桦公园一号,耀州区/耀州区/,小区南门高铁站，自带商业一条街。,https://tongchuan.esf.fang.com/chushou/16_201392.htm
64,王益区王益区龙城国际小区3室2厅,45,3620元/平米,3室2厅1卫,124.30平米,东西,低层,暂无,王益区龙城国际小区,王益区/王益区/,市二中斜，，，幼儿园，超市，菜市场，医院～带家具家电，拎包入住，舒心方便,https://tongchuan.esf.fang.com/chushou/16_201393.htm
65,耀州区白桦公园一号3室2厅,44,3838元/平米,3室2厅2卫,114.65平米,东南,中层,暂无,白桦公园一号,耀州区/耀州区/,无,https://tongchuan.esf.fang.com/chushou/16_201394.htm
66,耀州区白桦公园一号3室2厅,45,3931元/平米,3室2厅2卫,114.47平米,东南,中层,暂无,白桦公园一号,耀州区/耀州区/,无,https://tongchuan.esf.fang.com/chushou/16_201396.htm
67,王益区木材公司家属院2室1厅,16,2979元/平米,2室1厅1卫,53.71平米,南北,高层,暂无,木材公司家属院,王益区/王益区/,2010年装修自住，壁挂炉地暖空调设施齐全，小区停车方便免费，门口光明巷河边菜市场，地理位置优越，联系电话15309199319，非诚勿扰！,https://tongchuan.esf.fang.com/chushou/16_201397.htm
69,新区领地未来城3室2厅,81,5625元/平米,3室2厅2卫,144.00平米,南北,低层,暂无,领地未来城,新区/新区/,领地未来城  ，        “三室两厅两卫”        未来城新区一家私人会所   自带双语幼儿园     绿化百分之五十一的园林景观小区，让您生活在都市，也能享受惬意生活！            全明户型，让您在生活的每个角落都可以沐浴阳光！                                                   ,https://tongchuan.esf.fang.com/chushou/16_201400.htm
70,新区枫林小区2室2厅,56,5234元/平米,2室2厅1卫,107.00平米,南北,中层,暂无,枫林小区,新区/新区/,枫林小区多层（共六层）4楼，南北通透，主卧、次卧、客厅、厨房、卫生间，所有地方全明，公摊面积仅9个平方多。小区环境优美，毗邻市政府，周边超市、餐饮等服务业繁荣，小区内物业正规贴心，物业费每月0.35元/平，是您的！！,https://tongchuan.esf.fang.com/chushou/16_201401.htm
71,新区领地未来城3室2厅,89,5633元/平米,3室2厅2卫,158.00平米,南北,高层,暂无,领地未来城,新区/新区/,无,https://tongchuan.esf.fang.com/chushou/16_201402.htm
72,新区领地未来城3室2厅,89,5633元/平米,3室2厅2卫,158.00平米,南北,高层,暂无,领地未来城,新区/新区/,领地未来城  ，        “三室两厅两卫”        未来城新区一家私人会所   自带双语幼儿园     绿化百分之五十一的园林景观小区，让您生活在都市，也能享受惬意生活！            全明户型，让您在生活的每个角落都可以沐浴阳光！                                                   ,https://tongchuan.esf.fang.com/chushou/16_201403.htm
73,王益区幸福花园2室2厅,32,3178元/平米,2室2厅1卫,100.69平米,南北,高层,暂无,幸福花园,王益区/王益区/,"铜川市仅有大型住宅 小区
毗邻闹市的安居生态园
正面文字：82-100O 幸福系列房源持续热销中！ 恭迎莅临品鉴！   
 背面 正文： 
1、品质建筑 
    苛求材质 、塑造经典的建筑，历经岁月洗礼，依然轩昂屹立。幸福花园，一处值得炫耀的尊荣居所。
2、核心居住区 
      幸福花园 大富之家臻于的居所，一定要坐拥核心区位
3、配套 
     坐享便捷 值得珍藏距离矿务局医院、、局一中、二中、招商市场、文化广场、商业步行街、农业银行、中行、工行、邮政、信合等一步之遥。
4、便捷交通
     1、5、7路公交站点扎堆，坐拥便捷交通。
5、人文景观
    小区自身拥有音乐喷泉、人工瀑布、大型休闲广场和儿童娱乐广场等精致景观设施、档次高，外观漂亮，为业主们休闲娱乐提供方便。
 6、品质开发商
   成熟的社区服务，完整的配套设施，为项目增添了浓郁的人文氛围与居住条件，选择幸福花园，就是选择生活！ ",https://tongchuan.esf.fang.com/chushou/16_201404.htm
74,耀州区华荣大厦2室1厅,34,3400元/平米,2室1厅1卫,100.00平米,南北,高层,暂无,华荣大厦,耀州区/耀州区/,无,https://tongchuan.esf.fang.com/chushou/16_201405.htm
75,新区白桦公园壹号2室2厅,32,3368元/平米,2室2厅,95.00平米,南北,低层,暂无,白桦公园壹号,新区/新区/,位置好，环境好，配套齐全，交通便利。一次性付款，优惠10个点,https://tongchuan.esf.fang.com/chushou/16_201258.htm
76,新区白桦公园壹号2室1厅,27,3204元/平米,2室1厅1卫,84.28平米,南北,高层,暂无,白桦公园壹号,新区/新区/,现房，配套齐全，交通便利，银行、、医院都有。急用钱，低价转让!,https://tongchuan.esf.fang.com/chushou/16_201409.htm
77,王益区王家河小区2室1厅,7,1250元/平米,2室1厅1卫,56.00平米,南,高层,暂无,王家河小区,王益区/王益区/,无,https://tongchuan.esf.fang.com/chushou/16_201410.htm
78,新区正大华庭2室2厅,38,3918元/平米,2室2厅1卫,97.00平米,南北,中层,暂无,正大华庭,新区/新区/,中西式园林景观湖绿化小区，绿化面积50%以上，低密度，高绿化。小区附独立双语幼儿园，健身馆，游泳馆，私人会所，商业街，小区地理位置交通便利，综合价格，。,https://tongchuan.esf.fang.com/chushou/16_201411.htm
79,新区鸿翔逸境2室2厅,68,7019元/平米,2室2厅1卫,96.88平米,南,高层,暂无,鸿翔逸境,新区/新区/,出售新区鸿翔逸境房子一套。面积97平米两室两厅一厨一卫，总高32层(第29层)，需一次付清。小区位置在朝阳路与光明路交汇处(市公安局、市委)，双公园环抱(朝阳路百米公园和朝阳公园)，(、市一中)，距市医院不足1公里。新房预计8月初交房，诚心出售，非诚勿扰，联系电话：范先生18509190304，吴女士18509190403,https://tongchuan.esf.fang.com/chushou/16_201350.htm
80,新区领地未来城3室2厅,81,5625元/平米,3室2厅2卫,144.00平米,南北,中层,暂无,领地未来城,新区/新区/,无,https://tongchuan.esf.fang.com/chushou/16_201415.htm
81,新区领地未来城3室2厅,81,5619元/平米,3室2厅2卫,144.16平米,南北,中层,暂无,领地未来城,新区/新区/,无,https://tongchuan.esf.fang.com/chushou/16_201414.htm
82,印台区铜川市印台区教育局家属楼2室1厅,21,2625元/平米,2室1厅1卫,80.00平米,南北,高层,暂无,铜川市印台区教育局家属楼,印台区/印台区/,产证齐全，南北通透，，位于市一中附近。水电气暖网齐全。地理位置优越，出行便捷。周边基础配套设施完善，现诚意出售。价格面议。有意者致电联系。,https://tongchuan.esf.fang.com/chushou/16_201419.htm
83,王益区领地・未来城4室1厅,65,5909元/平米,4室1厅3卫,110.00平米,南北,中层,暂无,领地・未来城,王益区/王益区/,本物业装修完毕才一年，原来作为公司办公场地使用，公司经营盈能量电动自行车充电站业务，因为业务扩张需要更换更大的场所，现优惠出售。,https://tongchuan.esf.fang.com/chushou/16_201423.htm
84,新区正大华庭4室2厅,63,4236元/平米,4室2厅2卫,148.71平米,南北,低层,暂无,正大华庭,新区/新区/,园林绿化小区，小区设有幼儿园，活水湖，高尔夫球场,https://tongchuan.esf.fang.com/chushou/16_201424.htm
85,新区正大华庭3室2厅,63,4257元/平米,3室2厅2卫,148.00平米,南北,中层,暂无,正大华庭,新区/新区/,是公园？还是小区？即是公园亦是小区铜川山水景观园林绿化小区《正大华庭》一步一景，一房一景，五证齐全，准现房，选择《正大华庭》，把家安在公园里,https://tongchuan.esf.fang.com/chushou/16_201329.htm
86,新区正大华庭2室2厅,37,3564元/平米,2室2厅1卫,103.83平米,南北,中层,暂无,正大华庭,新区/新区/,正大华庭五证齐全现房，园林式景观小区，小区自带室内游泳馆，健身房，高尔夫练习场，双语幼儿园，2000平米的活水景观湖，交通四通八达，是您理想的安家之地！！,https://tongchuan.esf.fang.com/chushou/16_201340.htm
87,耀州区正大华庭2室2厅,41,4271元/平米,2室2厅1卫,96.00平米,南,高层,暂无,正大华庭,耀州区/耀州区/,《正大华庭》五证齐全准现房，南北通透全明两室，三室，面积区间91……148平方，中西结合园林景观社区，可做公积金，按揭！,https://tongchuan.esf.fang.com/chushou/16_201425.htm
88,新区龙记国际街区3室2厅,83,5724元/平米,3室2厅1卫,145.00平米,南北,高层,暂无,龙记国际街区,新区/新区/,就在楼下，新区医院附近，南边正在建设铜川市城市体育中心，小区西边正在建设柳范书法公园！房子地理位置是新区比较好的！房子有房产证，本人2016年装修，装修材料都是用的是品牌，橱柜是志邦橱柜，柜子用的是亚丹衣柜，壁纸是玉兰，全屋用的扬子地板，总之房子基础材料可以放心，本人当时也考虑到有小孩所以都用的是好材料！房屋可以拎包入住，空调，电视，热水器，厨房电器！房子带阁楼，喜欢有阁楼的可以考虑！由于本人工作变动，诚心出售，非诚勿扰！,https://tongchuan.esf.fang.com/chushou/16_201426.htm
89,新区锦绣园住宅小区2室1厅,52,5474元/平米,2室1厅1卫,95.00平米,南,中层,暂无,锦绣园住宅小区,新区/新区/,无,https://tongchuan.esf.fang.com/chushou/16_201427.htm
90,耀州区白桦公园一号3室2厅,49,4003元/平米,3室2厅2卫,122.41平米,东南,中层,暂无,白桦公园一号,耀州区/耀州区/,无,https://tongchuan.esf.fang.com/chushou/16_201428.htm
91,新区正大华庭2室2厅,40,4167元/平米,2室2厅1卫,96.00平米,南,中层,暂无,正大华庭,新区/新区/,两室两厅一卫  全明户型,https://tongchuan.esf.fang.com/chushou/16_201431.htm
92,新区银岭天下2室2厅,47,4519元/平米,2室2厅1卫,104.00平米,南,中层,暂无,银岭天下,新区/新区/,无,https://tongchuan.esf.fang.com/chushou/16_201432.htm
93,耀州区海林御苑3室2厅,82,6050元/平米,3室2厅2卫,135.54平米,南北,低层,暂无,海林御苑,耀州区/耀州区/,"现有海林御院现房一套，三室两厅两卫，南北通透，全明户型，二楼东户135.54平米，毛坯房。楼位南面正对大门，北面小区会所，内有游泳馆，乒乓球，羽毛球，篮球场地。小区内有公立幼儿园，三号楼属朝阳，小区斜为铜川市南校区。周边环境好，交通便利。有意者联系13154095852
价格面议，非诚勿扰！",https://tongchuan.esf.fang.com/chushou/16_201433.htm
94,铜川周边未来城3室2厅,67,5537元/平米,3室2厅1卫,121.00平米,南北,中层,暂无,未来城,铜川周边/铜川周边/,"未来城小区，高铁，小区绿化
出行方便，",https://tongchuan.esf.fang.com/chushou/16_201435.htm
95,耀州区德馨佳苑3室1厅,40,3363元/平米,3室1厅1卫,118.95平米,南北,高层,暂无,德馨佳苑,耀州区/耀州区/,房子为毛坯房，地理位置优越，南北通透，光线好，房子四方四正，因家中原因，现出售，有意者打电话，非诚勿扰,https://tongchuan.esf.fang.com/chushou/16_201436.htm
96,王益区亮点名都2室2厅,37,3936元/平米,2室2厅1卫,94.00平米,南,中层,暂无,亮点名都,王益区/王益区/,该房精装修，全明户型，采光好；本作婚房，崭新未居住；楼下小区有停车位；市政集中供暖；双气；地理位置方便，附近有菜市场、超市、医院等；直接网迁，欢迎诚意购房者来电咨询！,https://tongchuan.esf.fang.com/chushou/16_201437.htm
97,王益区苗圃路南段育才小区育才小区2室1厅,16,2000元/平米,2室1厅1卫,80.00平米,东西,低层,暂无,育才小区,王益区苗圃路南段育才小区/王益区/,无,https://tongchuan.esf.fang.com/chushou/16_201438.htm
98,王益区王益区红旗街中医医院家属院2室2厅,30,3333元/平米,2室2厅1卫,90.00平米,东,中层,暂无,王益区红旗街中医医院家属院,王益区/王益区/,地处铜川老区中心地段，四周商业成熟，距离红小，局小，局一中等都方便，就在中医医院后，就医也方便。楼总高7层 房子在三层。,https://tongchuan.esf.fang.com/chushou/16_201441.htm
99,新区傅氏阳光3室2厅,80,5594元/平米,3室2厅2卫,143.00平米,南北,中层,暂无,傅氏阳光,新区/新区/,毛呸房,https://tongchuan.esf.fang.com/chushou/16_201443.htm
100,新区正大华庭2室2厅,40,4167元/平米,2室2厅1卫,95.99平米,南北,中层,暂无,正大华庭,新区/新区/,五证齐全现房，全明户型，两室，三室。,https://tongchuan.esf.fang.com/chushou/16_201444.htm
101,新区正大华庭2室1厅,41,4271元/平米,2室1厅1卫,95.99平米,南,高层,暂无,正大华庭,新区/新区/,欧式园林设计，准现房出售，可贷款,https://tongchuan.esf.fang.com/chushou/16_201445.htm
102,新区白桦公园壹号3室2厅,56,4416元/平米,3室2厅2卫,126.82平米,东南,中层,暂无,白桦公园壹号,新区/新区/,无,https://tongchuan.esf.fang.com/chushou/16_201446.htm
103,印台区印台区政府家属院2室1厅,16,2807元/平米,2室1厅1卫,57.00平米,南北,低层,暂无,印台区政府家属院,印台区/印台区/,无,https://tongchuan.esf.fang.com/chushou/16_201448.htm
104,耀州区泰晤士公馆3室2厅,70,5691元/平米,3室2厅,123.00平米,南北,高层,暂无,泰晤士公馆,耀州区/耀州区/,"??买房泰晤士公馆，占地115亩的大盘
????小区配套：豪华私人会所，??新能源桩，方便随时随地的充电需求，车位配比1：1，地辐热市政集中供暖。
????配套：小区配备幼儿园，距5，新区市一中，铜川大学，15年体系便利孩子出行也让家长省心
??交通配套：6、9、603、便捷公交、旅游专线公交车起始点方便出行
??医疗配套：新区人民医院，北京大学孙思邈中医院
[机智]环境配套:朝阳公园、博物馆、大唐养生园、牡丹园、玉皇阁湿地公园。
?项目地址：铜川新区市一中向南100米",https://tongchuan.esf.fang.com/chushou/16_201449.htm
105,王益区小河沟翠溪小区2室1厅,35,3550元/平米,2室1厅1卫,98.60平米,东,中层,暂无,小河沟翠溪小区,王益区/王益区/,出售王益区，红旗街，小河沟翠溪社区1号楼，高层，99.8平方，两室两厅房子地理位置优越，位于地段，就是苏宁，正大商场，楼下饭店夜市，菜市场，买菜方便，距离近，集中供暖，交通便利，楼层共17层，房子在7层，所谓七上八下，买到就是赚到。想要的联系我15809192050.求朋友们转发谢谢,https://tongchuan.esf.fang.com/chushou/16_201450.htm
106,王益区铜川市红旗街中医医院家属院2室2厅,30,3333元/平米,2室2厅1卫,90.00平米,东,中层,暂无,铜川市红旗街中医医院家属院,王益区/王益区/,红旗街，商业，，医疗条件成熟完备。,https://tongchuan.esf.fang.com/chushou/16_201451.htm
107,王益区河滨路铜华小区2室1厅,18,2400元/平米,2室1厅1卫,75.00平米,东西,高层,暂无,河滨路铜华小区,王益区/王益区/,无,https://tongchuan.esf.fang.com/chushou/16_201452.htm
108,耀州区华荣大厦4室2厅,65,4815元/平米,4室2厅,135.00平米,南北,低层,暂无,华荣大厦,耀州区/耀州区/,地理位置，南北朝向，装修自己选材，新房未入住，由于工作调动现出售。,https://tongchuan.esf.fang.com/chushou/16_201453.htm
109,新区新苑雅居3室2厅,62,4733元/平米,3室2厅,131.00平米,南北,低层,暂无,新苑雅居,新区/新区/,南邻，西临铜川市一中，东临阳光，，不用半夜排队，可怜天下父母心。位于铜川新区核心位置，南邻绿色长廊，柳公权书画公园，让您休闲无忧，全落地飘窗，落地阳台，双明卫，可按揭。,https://tongchuan.esf.fang.com/chushou/16_201387.htm
110,新区未来城3室2厅,80,5915元/平米,3室2厅,135.26平米,南北,低层,暂无,未来城,新区/新区/,小区绿化达52%，自带幼儿园、游泳馆、健身房，南北通透全明户型,https://tongchuan.esf.fang.com/chushou/16_201460.htm
111,铜川周边水晶岛1室1厅,32,6180元/平米,1室1厅1卫,51.78平米,南,中层,暂无,水晶岛,铜川周边/铜川周边/,"品牌精装带家具，领包入住，层高3.8米，全落地窗户，视野采光很好，值得拥有，值得
",https://tongchuan.esf.fang.com/chushou/16_201461.htm
112,耀州区上野名城3室2厅,52,3881元/平米,3室2厅2卫,134.00平米,南北,低层,暂无,上野名城,耀州区/耀州区/,新区五证现房，公积金按揭均可，价格优惠。市政公园，距西延高铁站不到一公里，交通方便。中秋活动力度大。,https://tongchuan.esf.fang.com/chushou/16_201467.htm
113,新区上野名城3室2厅,51,3806元/平米,3室2厅2卫,134.00平米,南北,高层,暂无,上野名城,新区/新区/,新区五证现房，公积金按揭均可，市政公园，距西延高铁站不到一公里。中秋活动力度大，价格优惠。,https://tongchuan.esf.fang.com/chushou/16_201466.htm
114,龙城・国际街区3室2厅,86,6615元/平米,3室2厅,130.00平米,南北,中层,暂无,龙城・国际街区,无,出行方便，成熟小区，朝阳,https://tongchuan.esf.fang.com/chushou/16_201434.htm
115,新区正大华庭3室2厅,63,4345元/平米,3室2厅,145.00平米,南北,中层,暂无,正大华庭,新区/新区/,【正大华庭】五证齐全现房，公积金，按揭都可做。户型：两室～三室南北通透全明户型。面积：90～145。小区配有，双语幼儿园，健身房，游泳馆，假山，小桥，朗庭，活水景观湖，住在公园里的家，园林景观小区让你体验绿色生活。,https://tongchuan.esf.fang.com/chushou/16_201468.htm
116,耀州区城南壹号3室2厅,40,4167元/平米,3室2厅1卫,96.00平米,南北,高层,暂无,城南壹号,耀州区/耀州区/,无,https://tongchuan.esf.fang.com/chushou/16_201470.htm
117,印台区印台区停车场2室2厅,30,3061元/平米,2室2厅1卫,98.00平米,南,中层,暂无,印台区停车场,印台区/印台区/,房屋简装，采光好，南北通透，冬天暖气好，水电气齐全，毗邻市一中，购物休闲均方便。,https://tongchuan.esf.fang.com/chushou/16_201471.htm
118,新区正大华庭3室2厅,59,4307元/平米,3室2厅1卫,137.00平米,南北,中层,暂无,正大华庭,新区/新区/,正大华庭就是这么火，房源所剩无几，客户都在排队交钱！,https://tongchuan.esf.fang.com/chushou/16_201473.htm
119,王益区矿务局梅苑小区2室2厅,19,2065元/平米,2室2厅1卫,92.00平米,南北,高层,暂无,矿务局梅苑小区,王益区/王益区/,"
二中附近的房子，家居齐全，中等装修，拎包入住，非诚勿扰。",https://tongchuan.esf.fang.com/chushou/16_201474.htm
120,新区雅居芙蓉里3室2厅,42,3239元/平米,3室2厅2卫,129.68平米,南北,中层,暂无,雅居芙蓉里,新区/新区/,无,https://tongchuan.esf.fang.com/chushou/16_201475.htm
121,新区正大华庭3室2厅,56,4088元/平米,3室2厅1卫,137.00平米,南北,高层,暂无,正大华庭,新区/新区/,五证齐全现房 可办理公积金按揭贷款  年底交房,https://tongchuan.esf.fang.com/chushou/16_201477.htm
122,新区正大华庭3室2厅,63,4257元/平米,3室2厅2卫,148.00平米,南北,中层,暂无,正大华庭,新区/新区/,五证齐全现房，新区的园林景观，成熟的配套商业，自带双语幼儿园，把家安在公园里,https://tongchuan.esf.fang.com/chushou/16_201476.htm
123,新区中央公元2室2厅,62,6623元/平米,2室2厅1卫,93.62平米,南,高层,暂无,中央公元,新区/新区/,次顶层明厨明卫，环境好，,https://tongchuan.esf.fang.com/chushou/16_201478.htm
124,新区小镇4室2厅,150,7895元/平米,4室2厅2卫,190.00平米,南北,高层,暂无,小镇,新区/新区/,无,https://tongchuan.esf.fang.com/chushou/16_201479.htm
125,新区铜川新区杏林2室2厅,56,5714元/平米,2室2厅,98.00平米,南,中层,暂无,铜川新区杏林,新区/新区/,无,https://tongchuan.esf.fang.com/chushou/16_201481.htm
126,铜川周边鸿翔逸境2室2厅,62,6323元/平米,2室2厅1卫,98.06平米,南北,中层,暂无,鸿翔逸境,铜川周边/铜川周边/,个人房子，中介不要给我打电话，没空！价钱基本没有少的余地，诚心需要的打电话，热情对待，问问价的就不要问了，找诚心要的买家，都是忙人，不耽搁时间。晓东。 哦 产权是70年的产权，网站有问题选不了70年 在这里说明一下。,https://tongchuan.esf.fang.com/chushou/16_201483.htm
127,耀州区耀水小区2室1厅,9,1548元/平米,2室1厅1卫,58.15平米,南北,高层,暂无,耀水小区,耀州区/耀州区/,"南北通透户型，总面积58.15，零公摊，90年代精装修，旅游胜地，药王山脚下，空气清新，交通便利，急需出售，有意者价格面谈，非诚勿扰！
",https://tongchuan.esf.fang.com/chushou/16_201484.htm
128,新区新区市中心1室0厅,28,5572元/平米,1室0厅,50.25平米,北,中层,暂无,新区市中心,新区/新区/,，五证齐全，现房，层高3.8米，可按揭，可分期，一个月可办网签。,https://tongchuan.esf.fang.com/chushou/16_201485.htm
129,王益区柿树苑2室1厅,15,2000元/平米,2室1厅1卫,75.00平米,南北,高层,暂无,柿树苑,王益区/王益区/,无,https://tongchuan.esf.fang.com/chushou/16_201490.htm
130,新区中央公元2室2厅,56,5982元/平米,2室2厅1卫,93.62平米,西南,高层,暂无,中央公元,新区/新区/,毛坯新房，新区中心大楼盘，因本人工作变动，急需出售，个人房源，诚心出售，非诚勿扰！,https://tongchuan.esf.fang.com/chushou/16_201491.htm
131,新区上野名城2室2厅,44,4000元/平米,2室2厅1卫,110.00平米,南北,低层,暂无,上野名城,新区/新区/,"新区【上野名城】五证齐全现房，公积金，按揭都可做。户型：两室～三室南北通透全明户型。面积：113～144。小区配有，双幼儿园，，医院。在小区的南边有西延高铁站，的是7.5万平方米的湿地公园，园林景观小区让你体验绿色生活。
项目地址：铜川市新区正阳路东段
",https://tongchuan.esf.fang.com/chushou/16_201493.htm
132,新区沮河社区4室2厅,55,2500元/平米,4室2厅2卫,220.00平米,南北,高层,暂无,沮河社区,新区/新区/,自建房，两层四室两厅两卫，建于2015年，位于沮河社区附近，路边，地理位置优越，是高铁千亩湿地公园规划范围！出行便利，通天然气，现因个人另做出售，诚意需要者可价格面议！非诚勿扰,https://tongchuan.esf.fang.com/chushou/16_201497.htm
133,新区正阳商贸3室2厅,104,3992元/平米,3室2厅,260.54平米,南北,高层,暂无,正阳商贸,新区/新区/,复式准现房，19年五月底交房，高铁站新耀核心位置，，必须全款！诚意需要者可适量优惠！非诚勿扰,https://tongchuan.esf.fang.com/chushou/16_201499.htm
134,新区正阳商贸2室2厅,33,3810元/平米,2室2厅2卫,86.61平米,南北,中层,暂无,正阳商贸,新区/新区/,期房，2020年交房，特价房，，价格也是不错，可按揭,https://tongchuan.esf.fang.com/chushou/16_201498.htm
135,耀州区富帝苑小区3室2厅,98,8167元/平米,3室2厅,120.00平米,南北,高层,暂无,富帝苑小区,耀州区/耀州区/,位于高铁站旁周边配套设施齐全超市全部是家具家电，拎包入住有意面谈,https://tongchuan.esf.fang.com/chushou/16_201502.htm
136,新区幸福里3室2厅,80,6157元/平米,3室2厅,129.93平米,南北,高层,暂无,幸福里,新区/新区/,幸福里毛坯房，期房，家里急用钱出手,https://tongchuan.esf.fang.com/chushou/16_201463.htm
137,耀州区高铁养生城2室2厅,33,3917元/平米,2室2厅1卫,84.25平米,南,低层,暂无,高铁养生城,耀州区/耀州区/,高铁旁，现房，交通方便，环境优美，配套齐全，双语幼儿园，海底捞，四川会馆,https://tongchuan.esf.fang.com/chushou/16_201508.htm
138,耀州区高铁养生城2室2厅,36,3905元/平米,2室2厅1卫,92.19平米,南,中层,暂无,高铁养生城,耀州区/耀州区/,高铁旁，现房，交通便利环境优美，配套齐全，双语幼儿园，海底捞，四川会馆,https://tongchuan.esf.fang.com/chushou/16_201507.htm
139,新区富丽豪庭3室2厅,60,5203元/平米,3室2厅,115.31平米,东西,高层,暂无,富丽豪庭,新区/新区/,富丽豪庭精装，带家具家电，该房产可省二手房交易税。,https://tongchuan.esf.fang.com/chushou/16_201496.htm
140,新区美佳华商业中心广场1室0厅,27,18842元/平米,1室0厅,14.33平米,东北,低层,暂无,美佳华商业中心广场,新区/新区/,"美佳华商业中心广场的临街旺铺，现铺，现铺，现铺，位置优越，交通便利，人流量大，附近的小区有溪水洋房、枫林小区、鸿翔意境、一号广场、幸福里、印象2008、龙记城、富丽豪庭等等。配套设施：铜川市人民医院（新区）、市政府、体育训练中心等，是新区发展好的一个地理区域，后期发展大。
  该商铺是一楼临街商铺，且五证齐全、后期办理独立房产证，40年产权，可以包租，也可以自己经营。",https://tongchuan.esf.fang.com/chushou/16_201511.htm
141,新区未来城3室2厅,75,5556元/平米,3室2厅2卫,135.00平米,南北,高层,暂无,未来城,新区/新区/,无,https://tongchuan.esf.fang.com/chushou/16_201513.htm
142,新区未来城3室2厅,75,5556元/平米,3室2厅2卫,135.00平米,南北,高层,暂无,未来城,新区/新区/,小区绿化好，高铁旁，，配套设施，自带健身房，游泳池，幼儿园娱乐场所！,https://tongchuan.esf.fang.com/chushou/16_201512.htm
143,耀州区未来城3室2厅,80,5926元/平米,3室2厅2卫,135.00平米,南北,中层,暂无,未来城,耀州区/耀州区/,无,https://tongchuan.esf.fang.com/chushou/16_201514.htm
144,新区达观尚品2室2厅,40,4618元/平米,2室2厅1卫,86.61平米,南北,中层,暂无,达观尚品,新区/新区/,两室三室都有，间间采光，户户通透，小区南门就是高铁广场！,https://tongchuan.esf.fang.com/chushou/16_201516.htm
145,耀州区水晶岛1室0厅,12,2400元/平米,1室0厅,50.00平米,北,低层,暂无,水晶岛,耀州区/耀州区/,精装修，带家电。精装小公寓，首付12万，五证齐全，可按揭。,https://tongchuan.esf.fang.com/chushou/16_201517.htm
146,新区未来城3室2厅,79,5852元/平米,3室2厅2卫,135.00平米,南北,低层,暂无,未来城,新区/新区/,无,https://tongchuan.esf.fang.com/chushou/16_201518.htm
147,王益区王益区二号信箱东风社区2室1厅,12,1833元/平米,2室1厅1卫,65.46平米,西南,高层,暂无,王益区二号信箱东风社区,王益区/王益区/,无,https://tongchuan.esf.fang.com/chushou/16_201520.htm
148,王益区王益区王家河建中对面东风社区2室1厅,12,1833元/平米,2室1厅1卫,65.46平米,西南,高层,暂无,王益区王家河建中对面东风社区,王益区/王益区/,无,https://tongchuan.esf.fang.com/chushou/16_201519.htm
149,耀州区高铁养生城3室2厅,47,3701元/平米,3室2厅2卫,127.00平米,南北,中层,暂无,高铁养生城,耀州区/耀州区/,高铁站，离西安15,https://tongchuan.esf.fang.com/chushou/16_201522.htm
150,印台区城关六队7室2厅,50,2500元/平米,7室2厅2卫,200.00平米,南北,高层,暂无,城关六队,印台区/印台区/,位置处于自来水公司向北100米，金辉驾照旁边，是私家独院，上下两层约300平米。两层一共有10间房子，一个厨房，两个卫生间。水电气皆通，可洗澡。院子坐北朝南，位于小区排中间，交通极其便利，门口有停车位，是小区的位置没有之一。院内自种有苹果树，有花架，有石桌石椅，生活气息浓厚。因为搬家选择出售，可随时看房。,https://tongchuan.esf.fang.com/chushou/16_201523.htm
151,新区泰晤士公馆2室2厅,57,5766元/平米,2室2厅1卫,98.85平米,南,低层,暂无,泰晤士公馆,新区/新区/,"诚心出售两室纯南好房，地理位置优越，首付18万即可，公积金、商代均可，合同更名，免去过户烦恼。  占地115亩的大盘
车位配比1：1，地辐热市政集中供暖，小区配备幼儿园，距5，新区市一中，铜川大学，15年体系便利孩子出行也让家长省心
",https://tongchuan.esf.fang.com/chushou/16_201524.htm
152,耀州区高铁养生城3室2厅,49,3984元/平米,3室2厅2卫,122.99平米,南北,高层,暂无,高铁养生城,耀州区/耀州区/,高铁站旁，交通便利，环境优美，配套齐全，,https://tongchuan.esf.fang.com/chushou/16_201506.htm
153,王益区大同桥书苑花园2室1厅,38,3725元/平米,2室1厅1卫,102.00平米,南,中层,暂无,大同桥书苑花园,王益区/王益区/,无,https://tongchuan.esf.fang.com/chushou/16_201370.htm
154,王益区书苑花园2室2厅,35,3431元/平米,2室2厅1卫,102.00平米,西南,高层,暂无,书苑花园,王益区/王益区/,无,https://tongchuan.esf.fang.com/chushou/16_201531.htm
155,王益区大同桥书苑花园2室2厅,38,3725元/平米,2室2厅1卫,102.00平米,南,中层,暂无,大同桥书苑花园,王益区/王益区/,无,https://tongchuan.esf.fang.com/chushou/16_201322.htm
156,新区泰晤士2室2厅,57,5766元/平米,2室2厅,98.85平米,南,低层,暂无,泰晤士,新区/新区/,首付18万，可以按揭，一平米5780元，2020年交房。,https://tongchuan.esf.fang.com/chushou/16_201525.htm
157,新区鸿翔逸境3室2厅,88,6519元/平米,3室2厅2卫,135.00平米,南北,低层,暂无,鸿翔逸境,新区/新区/,无,https://tongchuan.esf.fang.com/chushou/16_201533.htm
158,新区大唐养生小镇3室2厅,65,4887元/平米,3室2厅2卫,133.00平米,南北,低层,暂无,大唐养生小镇,新区/新区/,"项目位邻大唐养生园的芙蓉湖，同时大唐养生园牡丹园两大公园环绕，孙思邈广场。项目周边多家产业聚集。医疗保障、养生养心、文化生活、运动养生、养老护理、健康管理、智能生活、亲子共融等八大功能结构，构件了项目全龄化的养生体系。社区内配备健身会所、瑜伽室、塑胶跑道、篮球馆、spa、养生馆等娱乐设施。项目打造 “一进建水，二进染绿，三进揽月,四进归宁”四重礼序。小区园林建造五重立体园林景观，营造三季有花，四季皆景的园区胜景。园区将外部生态水系引水入园，构建社区内湖景观。小区实行一卡通门禁系统、智能停车系统、周界防攀爬系统、视频监控系统、红外探测系统、烟雾报警系统、电子巡更系统、电梯五方通话、室内紧急呼救按钮等九大智能安防系统，全方位守护业主居家安全。园区实行人车分流的动线设置有效呵护业主安全。1530式白金物业服务标准，即要求客服再接电后一登记，五到场，三十解决问题，为客户提供更的物业服务。项目采用新中式的建筑风格，融合中式礼序美学与西式建制尺度。项目自带两所幼儿园，一所一所，打造十五年理念。项目规划约五万平的购物中心，风情商街等商业配套成就区域一城繁华。",https://tongchuan.esf.fang.com/chushou/16_201535.htm
159,新区翡翠华城3室2厅,48,4079元/平米,3室2厅2卫,117.67平米,南北,中层,暂无,翡翠华城,新区/新区/,铜川新区正阳路御锦m庭火热开盘中！！！火热预定面积34~126平米一室两室三室俱全！[怄火][怄火][怄火]拿起电话你就领先一步房源充足！！！地址:铜川新区正阳路派出所北侧御锦m庭接待售楼部PS:要提前预约哦！[机智][机智][机智],https://tongchuan.esf.fang.com/chushou/16_201537.htm
160,印台区龙记翡翠城3室2厅,75,6250元/平米,3室2厅2卫,120.00平米,南北,中层,暂无,龙记翡翠城,无,南北通透，温暖的阳光照射在阳台和卧室，每个卧室都带飘窗，卫生间都有窗户通风好。精装修，马可波罗瓷砖，卧室圣象木地板，实木门，大信厨房灶柜，大理石电视墙，非诚勿扰。,https://tongchuan.esf.fang.com/chushou/16_201538.htm
161,新区白桦公园壹号3室2厅,47,3821元/平米,3室2厅,122.99平米,南北,中层,暂无,白桦公园壹号,新区/新区/,小区三室有两种户型【122.99平方米和106.77平方米】????音乐啤酒节????活动优惠力度大???，交一万抵三，免一年停车费和一年物业费，小区内业主可享受商城和养生馆折扣！小区绿化率百分之六十以上，5000多停车位，双语幼儿园，咖啡馆，养生馆内设有健身房 游泳池 中医理疗等，??????，音乐啤酒节活动不断，赶快购??????！置业经理: 杨鹏辉有意者coll我或加我微信【手机微信同号】,https://tongchuan.esf.fang.com/chushou/16_201354.htm
162,新区新区白桦公园壹号3室2厅,44,3839元/平米,3室2厅,114.60平米,南北,中层,暂无,新区白桦公园壹号,新区/新区/,无,https://tongchuan.esf.fang.com/chushou/16_201418.htm
163,耀州区新区白桦公园壹号2室2厅,32,3798元/平米,2室2厅,84.25平米,南北,中层,暂无,新区白桦公园壹号,耀州区/耀州区/,音乐啤酒节活动优惠力度大，交一万抵三，免一年停车费和一年物业费，小区内业主可享受商城和养生馆折扣！小区绿化率百分之六十以上，5000多停车位，双语幼儿园，咖啡馆，养生馆内设有健身房 游泳池 中医理疗等，，音乐啤酒节活动不断，赶快购！销售员: 杨鹏辉 有意者coll我【手机与微信同号】,https://tongchuan.esf.fang.com/chushou/16_201356.htm
164,新区新区白桦公园壹号2室2厅,35,3797元/平米,2室2厅,92.19平米,南北,中层,暂无,新区白桦公园壹号,新区/新区/,两室有两种户型【92.19平方米和84.25平方米】音乐啤酒节活动优惠力度大，交一万抵三，免一年停车费和一年物业费，小区内业主可享受商城和养生馆折扣！小区绿化率百分之六十以上，5000多停车位，双语幼儿园，咖啡馆，养生馆内设有健身房 游泳池 中医理疗等，，音乐啤酒节活动不断，赶快购！销售员: 张晓莉 有意者coll我或加我微信【手机微信同号】,https://tongchuan.esf.fang.com/chushou/16_201355.htm
165,铜川周边雅居芙蓉里3室2厅,41,3178元/平米,3室2厅2卫,129.00平米,南北,低层,暂无,雅居芙蓉里,铜川周边/铜川周边/,还没交房，现房，陕西，自己的房子，适合一家人在一起，有意者联系！！！！,https://tongchuan.esf.fang.com/chushou/16_201541.htm
166,王益区心河湾小区2室2厅,40,4348元/平米,2室2厅1卫,92.00平米,南北,中层,暂无,心河湾小区,王益区/王益区/,"出售房屋
    心河湾小区正门现有一套精装修采光实足，两梯三户，板式结构，带家具和家电，房产证齐全，面积为92平方米。周边设施齐全（公园，，医院，公交站，）非诚勿扰，中介勿扰，谢谢。      领包入住！！领包入住！！",https://tongchuan.esf.fang.com/chushou/16_201482.htm
167,王益区心河湾2室2厅,40,4348元/平米,2室2厅1卫,92.00平米,南北,中层,暂无,心河湾,王益区/王益区/,无,https://tongchuan.esf.fang.com/chushou/16_201542.htm
168,耀州区新区龙记学府城小区2室2厅,75,7523元/平米,2室2厅1卫,99.70平米,南,低层,暂无,新区龙记学府城小区,耀州区/耀州区/,无,https://tongchuan.esf.fang.com/chushou/16_201544.htm
169,新区正大华庭2室2厅,37,3937元/平米,2室2厅1卫,93.99平米,南北,中层,暂无,正大华庭,新区/新区/,无,https://tongchuan.esf.fang.com/chushou/16_201545.htm
170,耀州区上野名城3室2厅,58,4028元/平米,3室2厅,144.00平米,南北,中层,暂无,上野名城,耀州区/耀州区/,无,https://tongchuan.esf.fang.com/chushou/16_201422.htm
171,新区朝阳小区3室2厅,68,5075元/平米,3室2厅2卫,134.00平米,南北,中层,暂无,朝阳小区,新区/新区/,无,https://tongchuan.esf.fang.com/chushou/16_201546.htm
172,王益区卫生防疫站家属院2室1厅,8,1333元/平米,2室1厅1卫,60.00平米,南北,高层,暂无,卫生防疫站家属院,王益区/王益区/,无,https://tongchuan.esf.fang.com/chushou/16_201495.htm
173,耀州区未来城3室2厅,70,5691元/平米,3室2厅2卫,123.00平米,南,中层,暂无,未来城,耀州区/耀州区/,无,https://tongchuan.esf.fang.com/chushou/16_201552.htm
174,耀州区未来城3室2厅,70,5691元/平米,3室2厅2卫,123.00平米,南,高层,暂无,未来城,耀州区/耀州区/,小区环境优雅，配套齐全，,https://tongchuan.esf.fang.com/chushou/16_201551.htm
175,耀州区未来城3室2厅,71,5772元/平米,3室2厅2卫,123.00平米,南,中层,暂无,未来城,耀州区/耀州区/,无,https://tongchuan.esf.fang.com/chushou/16_201553.htm
176,新区长丰市场院内一楼门面1室1厅,24,11707元/平米,1室1厅,20.50平米,南,中层,暂无,新区长丰市场院内一楼门面,无,铜川新区长丰市场院内中间地理位置优越的一楼面南门面房、已经精装修有上下水、目前租给别人卖衣服、手续齐全可以过户、有需要做生意用或者想的请联系=每年都可以收房租而且房子继续！,https://tongchuan.esf.fang.com/chushou/16_201548.htm
177,王益区王益区五一路建行家属院3室2厅,28,2487元/平米,3室2厅1卫,112.58平米,南北,高层,暂无,王益区五一路建行家属院,王益区/王益区/,结构合理，实用面积大，南北通透，光线充足。,https://tongchuan.esf.fang.com/chushou/16_201554.htm
178,新区龙记学府城2室2厅,52,5248元/平米,2室2厅1卫,99.08平米,东西,高层,暂无,龙记学府城,新区/新区/,本人出售龙记城17栋楼1单元21层东户毛坯房一套，本小区交通便利，位于市一中，6路9路公交车终点站，有意者可于本人联系，随时看房,https://tongchuan.esf.fang.com/chushou/16_201559.htm
179,王益区矿务局梅苑小区4室2厅,28,2333元/平米,4室2厅1卫,120.00平米,西北,高层,暂无,矿务局梅苑小区,王益区/王益区/,精装修，，非诚勿扰,https://tongchuan.esf.fang.com/chushou/16_201369.htm
180,新区正阳府3室2厅,60,4762元/平米,3室2厅,126.00平米,南北,中层,暂无,正阳府,新区/新区/,，配套齐全，高品质楼盘,https://tongchuan.esf.fang.com/chushou/16_201528.htm
181,新区正大华庭3室2厅,48,3971元/平米,3室2厅2卫,120.87平米,南北,中层,暂无,正大华庭,新区/新区/,无,https://tongchuan.esf.fang.com/chushou/16_201561.htm
182,新区龙记学府城2室1厅,62,6290元/平米,2室1厅1卫,98.57平米,西南,高层,暂无,龙记学府城,新区/新区/,房子在龙记城，靠谱出售，房本已经下来，没有装修过，西南向户型，自己也是换房，暂时不在这里上班，贷款全款都可以，有任何问题可以随时电话联系,https://tongchuan.esf.fang.com/chushou/16_201563.htm
183,新区中央公元2室2厅,53,5661元/平米,2室2厅,93.62平米,西南,高层,暂无,中央公元,新区/新区/,"急售急售，此房位于新区中心地段，因本人工作变动，诚意出售个人住房，非诚勿扰
",https://tongchuan.esf.fang.com/chushou/16_201492.htm
184,耀州区铁诺小区2室2厅,35,3333元/平米,2室2厅2卫,105.00平米,南北,高层,暂无,铁诺小区,耀州区/耀州区/,铁诺！南北通透，水电气暖全通。小区内有双语幼儿园、社区医院，出门就是公立！物业成熟、和谐宜居。,https://tongchuan.esf.fang.com/chushou/16_201565.htm
185,王益区矿医院怡园小区2室2厅,25,3049元/平米,2室2厅1卫,82.00平米,东西,中层,暂无,矿医院怡园小区,王益区/王益区/,新装防盗门，水电已经走好！价格可商量,https://tongchuan.esf.fang.com/chushou/16_201567.htm
186,新区正大华庭2室2厅,37,3941元/平米,2室2厅1卫,93.88平米,南,中层,暂无,正大华庭,新区/新区/,"????【购房喜讯】???? 
?? ?? ?? 铜川新区主干道正阳路上五证齐全，全城火爆购中！??????。1期已交房，2、3期准现房，现隆重推出四期新房源，两室93O朝阳户型，三室120O南北通透户型，《特惠价3980元/O起》从此不用东奔西跑，找好房！好房就在新区《正大华庭》新区园林景观绿化社区-您还在等什么？[勾引][勾引][勾引]！",https://tongchuan.esf.fang.com/chushou/16_201568.htm
187,新区龙记观园2室2厅,51,5258元/平米,2室2厅1卫,97.00平米,南北,中层,暂无,龙记观园,新区/新区/,南北通透    全明户型   动静分离,https://tongchuan.esf.fang.com/chushou/16_201569.htm
188,新区高铁养生城3室2厅,48,3810元/平米,3室2厅2卫,126.00平米,南北,中层,暂无,高铁养生城,新区/新区/,周边配套设施齐全，有，银行，超市等。紧领高铁站。出行方便,https://tongchuan.esf.fang.com/chushou/16_201571.htm
189,铜川周边雅居芙蓉里3室2厅,40,3101元/平米,3室2厅2卫,129.00平米,南北,低层,暂无,雅居芙蓉里,铜川周边/铜川周边/,新房，还没交房，适合一家人在一起！！！！,https://tongchuan.esf.fang.com/chushou/16_201573.htm
190,耀州区鸿翔逸境2室2厅,60,6119元/平米,2室2厅1卫,98.06平米,南北,中层,暂无,鸿翔逸境,耀州区/耀州区/,现房，可以随时过户。中层。南北通透。一口价，一把付,https://tongchuan.esf.fang.com/chushou/16_201574.htm
191,耀州区南3室1厅,23,2354元/平米,3室1厅,97.70平米,南北,低层,暂无,耀州区南,无,无,https://tongchuan.esf.fang.com/chushou/16_201566.htm
192,新区新区裕丰园1室1厅,21,3500元/平米,1室1厅1卫,60.00平米,南北,中层,暂无,新区裕丰园,新区/新区/,无,https://tongchuan.esf.fang.com/chushou/16_201575.htm
193,铜川周边大唐养生小镇3室2厅,65,4887元/平米,3室2厅,133.00平米,南北,低层,暂无,大唐养生小镇,铜川周边/铜川周边/,"?? 大唐养生小镇??  
【品牌】：荣民地产?? 
【项目占地】：800亩
【总建面】：110万方
【绿化率】：42%
【容积率】：1.7
【总规划】：4期5年开发
【首开产品】：小高层，6+1电梯洋房，别墅
【面积区间】130O-133O-142O-242O
【梯户比】：2T2，1T2
【价格】：4500-5500
【交房时间】预计2020年3月底
----------------------------
【项目卖点】
1.生态环境：600亩林湖景环绕
2.商业齐全：自带5万平米商业综合体
3.配套：铜川新区市政府距项目5车程
4.交通便利：新纪元大道，包茂高速3车程，高铁站6车程。
5.旅游休闲：大唐养生园，牡丹园，照金红色革命根据地，香山旅游景区，药王山景区。
6.户型：纯板式楼，户型方正，赠送，。
7.价值：铜川目前高绿化低容积率生态大盘，低价位，宜居宜养老宜。
8.：小区自带两所品牌幼儿园，品牌及，??全方位15年无忧
-----------------------------  ",https://tongchuan.esf.fang.com/chushou/16_201572.htm
194,新区大唐养生小镇6室2厅,210,8434元/平米,6室2厅3卫,249.00平米,南北,高层,暂无,大唐养生小镇,新区/新区/,"【项目占地】：800亩
【总建面】：110万方
【绿化率】：42%
【容积率】：1.7
【总规划】：4期5年开发
【首开产品】：小高层，6+1电梯洋房，别墅
【面积区间】134O-140O-148O-249O
【梯户比】：2T2，1T2
【价格】：4500-5500起
【交房时间】预计2020年3月底
----------------------------
【项目卖点】
1.生态环境：600亩林湖景环绕
2.商业齐全：自带5万平米商业综合体
3.配套：铜川新区市政府距项目5车程
4.交通便利：新纪元大道，包茂高速3车程，高铁站6车程。
5.旅游休闲：大唐养生园，牡丹园，照金红色革命根据地，香山旅游景区，药王山景区。
6.户型：纯板式楼，户型方正，赠送，。
7.价值：铜川目前高绿化低容积率生态大盘，低价位，宜居宜养老宜。
8.：小区自带两所品牌幼儿园，品牌及，??全方位15年无忧
-----------------------------      
",https://tongchuan.esf.fang.com/chushou/16_201576.htm
195,王益区矿务局梅苑小区2室2厅,23,2614元/平米,2室2厅1卫,88.00平米,南北,高层,暂无,矿务局梅苑小区,王益区/王益区/,无,https://tongchuan.esf.fang.com/chushou/16_201577.htm
196,铜川周边水晶岛1室1厅,29,5601元/平米,1室1厅,51.78平米,南,中层,暂无,水晶岛,铜川周边/铜川周边/,"
水晶岛.君悦酒店公寓  
辉煌起步，机遇难得
20万起，可遇不可求
城芯主轴.金街之上.精装公寓
*开创铜川大众*
小户型，大财富
50方起精装轻奢馆，大人物的小珍藏
辉煌起步，君悦相伴
君悦酒店托管，上市装饰团队操刀
五证齐全，可按揭
房客已至，静待房东",https://tongchuan.esf.fang.com/chushou/16_201457.htm
197,铜川周边雅居芙蓉里4室2厅,41,3178元/平米,4室2厅2卫,129.00平米,东西,低层,暂无,雅居芙蓉里,铜川周边/铜川周边/,无,https://tongchuan.esf.fang.com/chushou/16_201581.htm
198,王益区川口龙城国际2室2厅,32,3265元/平米,2室2厅1卫,98.00平米,东西,高层,暂无,川口龙城国际,王益区/王益区/,"房子位于铜川市王益区交通便利证件齐全
",https://tongchuan.esf.fang.com/chushou/16_201291.htm
199,王益区老区龙城国际2室1厅,32,3265元/平米,2室1厅1卫,98.00平米,东西,高层,暂无,老区龙城国际,王益区/王益区/,"房子位于铜川市王益区已装修交通便利证件齐全
",https://tongchuan.esf.fang.com/chushou/16_201584.htm
200,新区幸福2室1厅,58,5875元/平米,2室1厅1卫,98.72平米,南北,高层,暂无,新区幸福,无,房子是精装修，没有家具，有一个挂机空调,https://tongchuan.esf.fang.com/chushou/16_201585.htm
201,新区翡翠华城2室2厅,37,4143元/平米,2室2厅1卫,89.30平米,南,高层,暂无,翡翠华城,新区/新区/,铜川新区正阳路御锦m庭火热开盘中！！！火热预定面积34~126平米一室两室三室俱全！[怄火][怄火][怄火]拿起电话你就领先一步房源充足！！！地址:铜川新区正阳路派出所北侧御锦m庭接待售楼部PS:要提前预约哦！[机智][机智][机智],https://tongchuan.esf.fang.com/chushou/16_201586.htm
202,新区大唐养生小镇3室2厅,61,4552元/平米,3室2厅2卫,134.00平米,南北,高层,暂无,大唐养生小镇,新区/新区/,"大唐养生小镇
铜川联排别墅
铜川6+1洋房
铜川小高",https://tongchuan.esf.fang.com/chushou/16_201587.htm
203,新区大唐养生小镇3室2厅,61,4544元/平米,3室2厅2卫,134.23平米,南,高层,暂无,大唐养生小镇,新区/新区/,"大唐养生小镇，铜川豪宅基因的者！带给您全新的居住体验。

三层联排别墅:面积249平米赠送114平米。

六层电梯洋房，三室面积134平米；
          四室面积148平米；
          四室面积154平米；
          跃192平米，赠送34平米
千亩大盘，项目自带幼儿园，，，
医院，5万平商业，大型商超。

陕西省首富荣民集团首进铜川，期价格美丽！

置业热线:李一欣18091924444",https://tongchuan.esf.fang.com/chushou/16_201588.htm
204,新区大唐养生小镇4室2厅,79,5611元/平米,4室2厅2卫,140.80平米,南,中层,暂无,大唐养生小镇,新区/新区/,大唐养生小镇正在火热中，6加1洋房，一梯两户，赠送80-110平米花园，价格区间5500-6000小高层总高18层，两梯两户，价格4400-5000联排别墅249赠送面积114，前后花园，价格8500-9300订购热线?18091924444,https://tongchuan.esf.fang.com/chushou/16_201589.htm
205,新区祥瑞小区1室1厅,19,2923元/平米,1室1厅1卫,65.00平米,南,高层,暂无,祥瑞小区,新区/新区/,房子位于长丰大院（北方建材城东面），咸丰汽车站后面，铜川市疾控中心隔壁，马路就是铜川市植物园（今年8月开园），今年8月底交房，6层（共6层），南北通透，采光好（1单元楼头），70年产权，无过户费用，价格可小幅优惠,https://tongchuan.esf.fang.com/chushou/16_201590.htm
206,新区正阳商贸4室1厅,32,1860元/平米,4室1厅,172.00平米,东西,低层,暂无,正阳商贸,新区/新区/,"售楼部出售，无中介，有准现房期房。商业一层有，手机卖场，银行，品牌服饰，珠宝，化妆品等，二层整层为铜川新区东半区目前的生活超市，以方便项目周边七八家小区常驻人口日常生活购物需要，三层是一个占地3千平米的海鲜宴会厅，可同时容纳2000人开会，就餐活动是铜川目前的宴会厅，四层位于青年时尚经营业态，有网吧，KTV，私人影院，台卡，娱乐场所，休闲娱乐的，五层是新区一家24经营各地特色小吃餐饮城。
",https://tongchuan.esf.fang.com/chushou/16_201540.htm
207,王益区铜川市王益区桐桦小区2室2厅,22,2095元/平米,2室2厅1卫,105.00平米,南北,高层,暂无,铜川市王益区桐桦小区,王益区/王益区/,我因为在北京工作所以用不上了,https://tongchuan.esf.fang.com/chushou/16_201261.htm
208,新区正大华庭2室2厅,37,3978元/平米,2室2厅1卫,93.00平米,南北,中层,暂无,正大华庭,新区/新区/,小区位于新区主干道正阳路东段，低容积率，绿化面积大，配有商业街，地下停车场，双语幼儿园等等，园林活水湖景，周边配套齐全，对比周边小区，性价比更高，价格更低，距离即将建成的高铁站只有五的车程，五证齐全，可以做商贷，公积金贷。。,https://tongchuan.esf.fang.com/chushou/16_201539.htm
209,新区七彩国际3室1厅,64,5205元/平米,3室1厅,122.96平米,南北,低层,暂无,七彩国际,新区/新区/,"1.自己本人的房子，无任何中间费用。
2.房子已于2018年8月交付使用，目前小区地暖、水电、天然气、网络均已到位，目前绝大部分都在装修。
3.本小区地理位置优越，具体位置在新区人民医院斜，关于地理位置可以实地考察，不再详细阐述。
4由于本人工作较忙，没时间装修，特价急售，从而想4重新买个精装修的房子，有意者速速联系！",https://tongchuan.esf.fang.com/chushou/16_201543.htm
210,新区铜川新区华阳小区4室2厅,60,3371元/平米,4室2厅,178.00平米,南北,高层,暂无,铜川新区华阳小区,新区/新区/,铜川新区中心地带，市府，大耀城，购物方便！,https://tongchuan.esf.fang.com/chushou/16_201564.htm
211,王益区福源尚品3室2厅,60,3963元/平米,3室2厅2卫,151.41平米,东,高层,暂无,福源尚品,王益区/王益区/,"红旗街旁，文化宫，利群小区附近
",https://tongchuan.esf.fang.com/chushou/16_201786.htm
212,耀州区华荣大厦3室2厅,57,4351元/平米,3室2厅2卫,131.00平米,东西,中层,暂无,华荣大厦,耀州区/耀州区/,无,https://tongchuan.esf.fang.com/chushou/16_201787.htm
213,印台区印台区曙光住宅楼2室1厅,12,2000元/平米,2室1厅1卫,60.00平米,东南,高层,暂无,印台区曙光住宅楼,印台区/印台区/,无,https://tongchuan.esf.fang.com/chushou/16_201591.htm
214,新区高铁养生城2室1厅,32,3695元/平米,2室1厅,86.61平米,南,低层,暂无,高铁养生城,新区/新区/,董明珠说过：“推荐好东西，不要低三下四，能成交就成交，不能成交就下一个。你若信我，三言两语就能成交，你若不信，我就是把整个华夏五千年文明给你讲一遍，你也会说，我考虑考虑”！！,https://tongchuan.esf.fang.com/chushou/16_201592.htm
215,王益区河滨路铜华小区2室2厅,20,1887元/平米,2室2厅1卫,106.00平米,南,高层,暂无,河滨路铜华小区,王益区/王益区/,因在北京工作   不想住了电话   ,https://tongchuan.esf.fang.com/chushou/16_201593.htm
216,新区未来城3室2厅,70,5674元/平米,3室2厅2卫,123.36平米,东南,高层,暂无,未来城,新区/新区/,采光充足，总高18层的小高层，居住环境优雅，公摊小，绿化率52％小区自带幼儿园，健身会所,https://tongchuan.esf.fang.com/chushou/16_201594.htm
217,新区大唐养生小镇5室3厅,209,8394元/平米,5室3厅3卫,249.00平米,南北,高层,暂无,大唐养生小镇,新区/新区/,无,https://tongchuan.esf.fang.com/chushou/16_201595.htm
218,耀州区龙记观园3室2厅,61,5116元/平米,3室2厅,119.23平米,南北,高层,暂无,龙记观园,耀州区/耀州区/,小区周边周边配套设施齐全，交通，衣、食、住、行便捷，户型南北通透全明，社区配有直饮水柜，新风系统，指纹密码锁,https://tongchuan.esf.fang.com/chushou/16_201597.htm
219,王益区铜川教育学院新楼（小河沟农行旁）3室2厅,28,2642元/平米,3室2厅1卫,106.00平米,南,中层,暂无,铜川教育学院新楼（小河沟农行旁）,王益区/王益区/,无,https://tongchuan.esf.fang.com/chushou/16_201599.htm
220,耀州区华荣大厦2室1厅,40,4167元/平米,2室1厅1卫,96.00平米,东,中层,暂无,华荣大厦,耀州区/耀州区/,交通便利，购物方便，地理位置优越，毛坯房,https://tongchuan.esf.fang.com/chushou/16_201601.htm
221,王益区铜川市河滨路清真寺农行家属楼2室2厅,20,2222元/平米,2室2厅1卫,90.00平米,东南,中层,暂无,铜川市河滨路清真寺农行家属楼,王益区/王益区/,无,https://tongchuan.esf.fang.com/chushou/16_201602.htm
222,新区龙记观园3室2厅,60,5032元/平米,3室2厅2卫,119.23平米,南北,中层,暂无,龙记观园,新区/新区/,无,https://tongchuan.esf.fang.com/chushou/16_201603.htm
223,新区正阳商贸5室2厅,100,3835元/平米,5室2厅4卫,260.75平米,南北,高层,暂无,正阳商贸,新区/新区/,复式准现房，个人房源，全款，直接更名！南北通透户型！2020年交房，主体已完工。18/19层中间楼层，现诚意出售！有诚意需要者联系可优惠，非诚勿扰！,https://tongchuan.esf.fang.com/chushou/16_201604.htm
224,新区龙记观园3室2厅,60,4693元/平米,3室2厅,127.84平米,南北,中层,暂无,龙记观园,新区/新区/,小区纯板式结构，所有房源均是南北通透，全明户型，采用新中式设计风格，配备社区直饮水，指纹密码锁，新风系统，以及远程遥控开启单元门,https://tongchuan.esf.fang.com/chushou/16_201606.htm
225,王益区飞龙小区南山社区1室1厅,5,1000元/平米,1室1厅1卫,50.00平米,南,中层,暂无,飞龙小区南山社区,王益区/王益区/,出售老人住房一套，地理位置好,https://tongchuan.esf.fang.com/chushou/16_201607.htm
226,新区未来城3室1厅,72,5854元/平米,3室1厅,123.00平米,南北,中层,暂无,未来城,新区/新区/,无,https://tongchuan.esf.fang.com/chushou/16_201608.htm
227,新区龙记观园3室2厅,60,4693元/平米,3室2厅2卫,127.84平米,南北,中层,暂无,龙记观园,新区/新区/,纯板式结构，南北通透，配备社区直饮水，新风系统以及指纹密码锁和远程遥控单元门,https://tongchuan.esf.fang.com/chushou/16_201609.htm
228,新区龙记观园2室2厅,49,5027元/平米,2室2厅1卫,97.47平米,南北,低层,暂无,龙记观园,新区/新区/,小区周边配套设施齐全，衣食出行方便，购物，交通便捷，居住人群密集，社区 配有直饮水，新风系统，智能指纹密码锁。纯板式楼户型均南北通透全明，让您足不出户就能感受到阳光的沐浴。,https://tongchuan.esf.fang.com/chushou/16_201610.htm
229,新区龙记观园3室2厅,56,4715元/平米,3室2厅,118.77平米,南北,低层,暂无,龙记观园,新区/新区/,龙记观园小区、五证齐全、高绿化、低密度、人车分流、户型南北通透、全明户型、新风系统(空气净化)。,https://tongchuan.esf.fang.com/chushou/16_201612.htm
230,新区龙记观园3室2厅,63,4928元/平米,3室2厅2卫,127.84平米,南北,低层,暂无,龙记观园,新区/新区/,无,https://tongchuan.esf.fang.com/chushou/16_201611.htm
231,王益区丽景家园2室2厅,40,3636元/平米,2室2厅1卫,110.00平米,东,中层,暂无,丽景家园,王益区/王益区/,无,https://tongchuan.esf.fang.com/chushou/16_201613.htm
232,新区未来城3室1厅,69,5610元/平米,3室1厅1卫,123.00平米,南北,中层,暂无,未来城,新区/新区/,无,https://tongchuan.esf.fang.com/chushou/16_201614.htm
233,新区正大华庭2室2厅,32,3228元/平米,2室2厅,99.13平米,北,中层,暂无,正大华庭,新区/新区/,两室两厅一厨一卫，已经装修完成，简单现代化，由于老家不是铜川人，所以卖房。,https://tongchuan.esf.fang.com/chushou/16_201615.htm
234,王益区振兴小区2室2厅,38,4363元/平米,2室2厅1卫,87.10平米,南,中层,暂无,振兴小区,王益区/王益区/,生活圈，（大同幼儿园，，第三），医院（市医院）附近，出门就是公交站,https://tongchuan.esf.fang.com/chushou/16_201616.htm
235,新区龙记观园2室2厅,46,4731元/平米,2室2厅1卫,97.23平米,南北,低层,暂无,龙记观园,新区/新区/,精典两室南北通透，项目位于成熟商业区，出行坐车，购物方便。,https://tongchuan.esf.fang.com/chushou/16_201619.htm
236,新区樱桃园小区3室2厅,83,6507元/平米,3室2厅1卫,127.56平米,南北,中层,暂无,樱桃园小区,新区/新区/,樱桃园小区1号楼，住房位置好，面积大，公摊少，楼层户型俱佳，交通便利，房产证在手，已过五年，空调，冬暖夏凉，精装修，家具家电齐全，可拎包入住，一次性付全款可大幅度优惠，有意者请联系非诚勿扰.,https://tongchuan.esf.fang.com/chushou/16_201620.htm
237,新区枫林小区3室2厅,60,3934元/平米,3室2厅2卫,152.50平米,南北,中层,暂无,枫林小区,新区/新区/,"枫林小区南门斜（斯正街东端南户）房屋出售，三室两厅两卫，水，电，气，讯，地热齐全，南北通透，面积153平米，四层（共六层）无公摊，无物业，地理位置！联系电话13008513636
",https://tongchuan.esf.fang.com/chushou/16_201621.htm
238,耀州区鸿翔意境3室2厅,81,5956元/平米,3室2厅2卫,136.00平米,南北,高层,暂无,鸿翔意境,耀州区/耀州区/,无,https://tongchuan.esf.fang.com/chushou/16_201622.htm
239,王益区华海小区2室1厅,10,1667元/平米,2室1厅1卫,60.00平米,南北,高层,暂无,华海小区,王益区/王益区/,单位房源，物业费用低，车位充足，交通便利。,https://tongchuan.esf.fang.com/chushou/16_201623.htm
